<?xml version="1.0" ?>
<LOG_ROOT>
	<PROJECT NAME="EightBitALU">
		<CBX_INST_ENTRY INSTANCE_NAME="|EightBitALU|OneBitALU:inst3|MUX:inst9|lpm_mux:$00001" CBX_FILE_NAME="mux_nmc.tdf"/>
		<CBX_INST_ENTRY INSTANCE_NAME="|EightBitALU|OneBitALU:inst4|MUX:inst8|lpm_mux:$00001" CBX_FILE_NAME="mux_lmc.tdf"/>
		<CBX_INST_ENTRY INSTANCE_NAME="|EightBitALU|OneBitALU:inst7|MUX:inst9|lpm_mux:$00001" CBX_FILE_NAME="mux_nmc.tdf"/>
		<CBX_INST_ENTRY INSTANCE_NAME="|EightBitALU|OneBitALU:inst8|MUX:inst8|lpm_mux:$00001" CBX_FILE_NAME="mux_lmc.tdf"/>
		<CBX_INST_ENTRY INSTANCE_NAME="|EightBitALU|OneBitALU:inst|MUX:inst8|lpm_mux:$00001" CBX_FILE_NAME="mux_lmc.tdf"/>
		<CBX_INST_ENTRY INSTANCE_NAME="|EightBitALU|OneBitALU:inst4|MUX:inst9|lpm_mux:$00001" CBX_FILE_NAME="mux_nmc.tdf"/>
		<CBX_INST_ENTRY INSTANCE_NAME="|EightBitALU|OneBitALU:inst5|MUX:inst8|lpm_mux:$00001" CBX_FILE_NAME="mux_lmc.tdf"/>
		<CBX_INST_ENTRY INSTANCE_NAME="|EightBitALU|OneBitALU:inst8|MUX:inst9|lpm_mux:$00001" CBX_FILE_NAME="mux_nmc.tdf"/>
		<CBX_INST_ENTRY INSTANCE_NAME="|EightBitALU|OneBitALU:inst9|MUX:inst8|lpm_mux:$00001" CBX_FILE_NAME="mux_lmc.tdf"/>
		<CBX_INST_ENTRY INSTANCE_NAME="|EightBitALU|OneBitALU:inst|MUX:inst9|lpm_mux:$00001" CBX_FILE_NAME="mux_nmc.tdf"/>
		<CBX_INST_ENTRY INSTANCE_NAME="|EightBitALU|OneBitALU:inst5|MUX:inst9|lpm_mux:$00001" CBX_FILE_NAME="mux_nmc.tdf"/>
		<CBX_INST_ENTRY INSTANCE_NAME="|EightBitALU|OneBitALU:inst6|MUX:inst8|lpm_mux:$00001" CBX_FILE_NAME="mux_lmc.tdf"/>
		<CBX_INST_ENTRY INSTANCE_NAME="|EightBitALU|OneBitALU:inst9|MUX:inst9|lpm_mux:$00001" CBX_FILE_NAME="mux_nmc.tdf"/>
		<CBX_INST_ENTRY INSTANCE_NAME="|EightBitALU|OneBitALU:inst3|MUX:inst8|lpm_mux:$00001" CBX_FILE_NAME="mux_lmc.tdf"/>
		<CBX_INST_ENTRY INSTANCE_NAME="|EightBitALU|OneBitALU:inst6|MUX:inst9|lpm_mux:$00001" CBX_FILE_NAME="mux_nmc.tdf"/>
		<CBX_INST_ENTRY INSTANCE_NAME="|EightBitALU|OneBitALU:inst7|MUX:inst8|lpm_mux:$00001" CBX_FILE_NAME="mux_lmc.tdf"/>
	</PROJECT>
</LOG_ROOT>
